priapisme,xylophone,roulement,officieux,psychologiquement
anamnèse,zeugma,orticulture,kaleidoscope,routeur,rouflaquette
pamplemousse,caoutchouc,thanatopracteur,égouttoir,célérité
maître,carabistouille,fichtre,saperlipopette,papillomavirus
subaquatique,ornithorynque,baîllement,dactylographie,salpêtre
fuschia,enjôleur,troglodytes,helitreuillage,capillotracté
déontologique,s'ébaudir,pétrichor,dithyrambique,gargantuesque
callipyge,gougnafier,nyctalope,nychtémère,babylonien,prestidigitateur
anticonstitutionnellement,lobotomie,velociraptor,cardiovasculaire
rhinopharyngite
